<?xml version="1.0" encoding="UTF-8" standalone="yes"?>
<addon id="repository.Mirepoantares" name="[COLOR lime]Mi Repoantares[/COLOR] Repo" version="1.1" provider-name="antares">
    <extension point="xbmc.addon.repository" name="Mi repoantares">
        <info>https://raw.githubusercontent.com/antaresaddon/blamcoynegro/master/Repositorio/addons.xml</info>
        <checksum>https://raw.githubusercontent.com/antaresaddon/blamcoynegro/master/Repositorio/addons.xml.md5</checksum>
        <datadir zip="true">https://github.com/antaresaddon/antares/tree/master/blamcoynegro-master/zips</datadir>
    </extension>
    <extension point="xbmc.addon.metadata">
        <summary>Repositorio para Mi</summary>
        <description></description>
        <disclaimer></disclaimer>
        <platform>all</platform>
    </extension>
</addon>
