{
    "action": "findvideos", 
    "channel": "anitoonstv", 
    "episode_id": 6545430, 
    "infoLabels": {
        "aired": "04/04/2018", 
        "castandrole": [], 
        "director": "", 
        "episode": 1, 
        "mediatype": "episode", 
        "plot": "Tsutsui and Iroha are forced to clean the pool together as punishment for being late. But is it the start of something more?", 
        "premiered": "04/04/2018", 
        "rating": 2, 
        "season": 1, 
        "status": "En emisión", 
        "studio": "NTV (JP)", 
        "thumbnail": "https://s10.postimg.org/kxvslawe1/series.png", 
        "title": "About the Time I First Met Her.", 
        "tmdb_id": "77721", 
        "tvdb_id": "342010", 
        "tvshowtitle": "3D Kanojo", 
        "url_scraper": [
            "http://thetvdb.com/index.php?tab=series&id=342010"
        ], 
        "writer": "", 
        "year": 2018
    }, 
    "season_id": 751072, 
    "thumbnail": "http://thetvdb.com/banners/episodes/342010/6545430.jpg", 
    "title": "1x01 Episodio 1 (Cuando la conocí)", 
    "url": "http://www.anitoonstv.com/ver/3d-kanojo-real-girl-1-1"
}