<?xml version='1.0' encoding='UTF-8'?>
<shortcuts>
	<shortcut>
		<defaultID />
		<label>Forzar Cierre</label>
		<label2>Ítem Personalizado</label2>
		<icon>DefaultShortcut.png</icon>
		<thumb />
		<action>PlayMedia("plugin://plugin.program.ANTARES/?mode=forceclose",return)</action>
	</shortcut>
	<shortcut>
		<defaultID>13012</defaultID>
		<label>Salir de Kodi</label>
		<label2>Power Menu Shortcut</label2>
		<icon>special://skin/extras/icons/power.png</icon>
		<thumb />
		<action>XBMC.Quit()</action>
		<visible>System.ShowExitButton</visible>
	</shortcut>
	<shortcut>
		<defaultID>13016</defaultID>
		<label>Apagar dispositivo</label>
		<label2>Power Menu Shortcut</label2>
		<icon>special://skin/extras/icons/power.png</icon>
		<thumb />
		<action>XBMC.Powerdown()</action>
		<visible>System.CanPowerDown</visible>
	</shortcut>
	<shortcut>
		<defaultID>13013</defaultID>
		<label>13013</label>
		<label2>Power Menu Shortcut</label2>
		<icon>special://skin/extras/icons/power.png</icon>
		<thumb />
		<action>XBMC.Reset()</action>
		<visible>System.CanReboot</visible>
	</shortcut>
	<shortcut>
		<defaultID>20126</defaultID>
		<label>20126</label>
		<label2>Power Menu Shortcut</label2>
		<icon>special://skin/extras/icons/power.png</icon>
		<thumb />
		<action>dialog.close(all,true)</action>
		<visible>System.HasLoginScreen | IntegerGreaterThan(System.ProfileCount,1)</visible>
	</shortcut>
	<shortcut>
		<defaultID>20046</defaultID>
		<label>20046</label>
		<label2>Power Menu Shortcut</label2>
		<icon>special://skin/extras/icons/power.png</icon>
		<thumb />
		<action>xbmc.mastermode</action>
		<visible>System.HasLocks</visible>
	</shortcut>
	<shortcut>
		<defaultID>13017</defaultID>
		<label>13017</label>
		<label2>Power Menu Shortcut</label2>
		<icon>special://skin/extras/icons/power.png</icon>
		<thumb />
		<action>XBMC.InhibitIdleShutdown(true)</action>
		<visible>System.HasShutdown +!System.IsInhibit</visible>
	</shortcut>
	<shortcut>
		<defaultID>13018</defaultID>
		<label>13018</label>
		<label2>Power Menu Shortcut</label2>
		<icon>special://skin/extras/icons/power.png</icon>
		<thumb />
		<action>XBMC.InhibitIdleShutdown(false)</action>
		<visible>System.HasShutdown + System.IsInhibit</visible>
	</shortcut>
	<shortcut>
		<defaultID>20151</defaultID>
		<label>20151</label>
		<label2>Power Menu Shortcut</label2>
		<icon>special://skin/extras/icons/power.png</icon>
		<thumb />
		<action>XBMC.CancelAlarm(shutdowntimer)</action>
		<visible>System.HasAlarm(shutdowntimer)</visible>
	</shortcut>
	<shortcut>
		<defaultID>5</defaultID>
		<label>5</label>
		<label2>Power Menu Shortcut</label2>
		<icon>special://skin/extras/icons/power.png</icon>
		<thumb />
		<action>ActivateWindow(Settings)</action>
	</shortcut>
</shortcuts>
