<?xml version='1.0' encoding='UTF-8'?>
<shortcuts>
	<shortcut>
		<defaultID>plugin.program.ANTARES</defaultID>
		<label>ANTARES [COLOR orange]WIZARD[/COLOR]</label>
		<label2>Programa</label2>
		<icon>DefaultShortcut.png</icon>
		<thumb>image://C%3a%5cUsers%5cwintt%5cAppData%5cRoaming%5cKodi%5caddons%5cplugin.program.ANTARES%5cicon.png/</thumb>
		<action>ActivateWindow(Programs,"plugin://plugin.program.ANTARES",return)</action>
	</shortcut>
	<shortcut>
		<defaultID>plugin.program.ANTARESbackup</defaultID>
		<label>ANTARES [COLOR green][B]MANTENIMIENTO[/B][/COLOR]</label>
		<label2>Ítem Personalizado</label2>
		<icon>DefaultShortcut.png</icon>
		<thumb>image://C%3a%5cUsers%5cwintt%5cAppData%5cRoaming%5cKodi%5caddons%5cplugin.program.ANTARESbackup%5cicon.png/</thumb>
		<action>ActivateWindow(Programs,"plugin://plugin.program.ANTARES/?mode=maint",return)</action>
	</shortcut>
	<shortcut>
		<defaultID>plugin.program.ANTARESbuffer</defaultID>
		<label>ANTARES [COLOR yellow][B]BUFFER[/B][/COLOR]</label>
		<label2>Ítem Personalizado</label2>
		<icon>DefaultShortcut.png</icon>
		<thumb>image://C%3a%5cUsers%5cwintt%5cAppData%5cRoaming%5cKodi%5caddons%5cplugin.program.ANTARESbuffer%5cicon.png/</thumb>
		<action>ActivateWindow(Programs,"plugin://plugin.program.ANTARES/?mode=advancedsetting",return)</action>
	</shortcut>
</shortcuts>
