<?xml version='1.0' encoding='UTF-8'?>
<shortcuts>
	<shortcut>
		<defaultID>22020</defaultID>
		<label>Guía TV</label>
		<label2>TV En Vivo</label2>
		<icon>special://skin/extras/icons/tv.png</icon>
		<thumb />
		<action>ActivateWindow(TVGuide)</action>
	</shortcut>
	<shortcut>
		<defaultID />
		<label>KodiSpain TV</label>
		<label2>Ítem Personalizado</label2>
		<icon>DefaultShortcut.png</icon>
		<thumb>image://https%3a%2f%2fs18.postimg.org%2f9akk37keh%2fcanalestv-logo.png/</thumb>
		<action>ActivateWindow(Videos,"plugin://plugin.video.kodispaintv",return)</action>
	</shortcut>
</shortcuts>
