<?xml version='1.0' encoding='UTF-8'?>
<shortcuts>
	<shortcut>
		<defaultID>plugin.video.youtube</defaultID>
		<label>YouTube</label>
		<label2>Complemento de Vídeo</label2>
		<icon>DefaultShortcut.png</icon>
		<thumb>image://C%3a%5cUsers%5cwintt%5cAppData%5cRoaming%5cKodi%5caddons%5cplugin.video.youtube%5cicon.png/</thumb>
		<action>ActivateWindow(Videos,"plugin://plugin.video.youtube",return)</action>
	</shortcut>
	<shortcut>
		<defaultID>plugin.video.youtube/channel/UCjsexRqJblxw9-LvZUbJJkw/</defaultID>
		<label>VideoTutoriales ANTARES</label>
		<label2>Complemento de Vídeo</label2>
		<icon>DefaultShortcut.png</icon>
		<thumb>image://https%3a%2f%2fyt3.ggpht.com%2f-TEut-zBando%2fAAAAAAAAAAI%2fAAAAAAAAAAA%2fCyaZuvPSzZU%2fs800-c-k-no-mo-rj-c0xffffff%2fphoto.jpg/</thumb>
		<action>ActivateWindow(Videos,"plugin://plugin.video.youtube/channel/UCjsexRqJblxw9-LvZUbJJkw/",return)</action>
	</shortcut>
	<shortcut>
		<defaultID>programs</defaultID>
		<label>Addons de Programa</label>
		<label2>Programas</label2>
		<icon>special://skin/extras/icons/addons.png</icon>
		<thumb />
		<action>ActivateWindow(Programs,Addons,return)</action>
	</shortcut>
</shortcuts>
