<?xml version='1.0' encoding='UTF-8'?>
<shortcuts>
	<shortcut>
		<defaultID>titulo</defaultID>
		<label>Mis Peliculas</label>
		<label2>Ítem Personalizado</label2>
		<icon>special://skin/extras/icons/files.png</icon>
		<thumb />
		<action>ActivateWindow(Videos,library://video/movies/titles.xml/,return)</action>
	</shortcut>
	<shortcut>
		<defaultID>titulo</defaultID>
		<label>Mis Series</label>
		<label2>Ítem Personalizado</label2>
		<icon>special://skin/extras/icons/files.png</icon>
		<thumb />
		<action>ActivateWindow(Videos,library://video/tvshows/titles.xml/,return)</action>
	</shortcut>
	<shortcut>
		<defaultID>32046</defaultID>
		<label>32046</label>
		<label2>Comando de Kodi</label2>
		<icon>special://skin/extras/icons/update.png</icon>
		<thumb />
		<action>UpdateLibrary(video,,true)</action>
	</shortcut>
	<shortcut>
		<defaultID>1036</defaultID>
		<label>1036</label>
		<label2>Ítem de menú Común</label2>
		<icon>special://skin/extras/icons/favourites.png</icon>
		<thumb />
		<action>ActivateWindow(Favourites)</action>
	</shortcut>
</shortcuts>
