{
    "action": "findvideos", 
    "channel": "anitoonstv", 
    "episode_id": 320741, 
    "infoLabels": {
        "IMDBNumber": "tt0760437", 
        "aired": "27/12/2005", 
        "castandrole": [
            [
                "Tara Strong", 
                "Ben Tennyson"
            ], 
            [
                "Meagan Smith", 
                "Gwen Tennyson"
            ], 
            [
                "Paul Eiding", 
                "Grandpa Max Tennyson"
            ], 
            [
                "Claudia Schmidt", 
                "Ben Tennyson"
            ], 
            [
                "Ulf Söhmisch", 
                "Opa Max Tennyson"
            ], 
            [
                "Dee Bradley Baker", 
                "Stinkfly"
            ], 
            [
                "Jim Ward", 
                "XLR8"
            ], 
            [
                "Steve Blum", 
                "Heat Blast"
            ], 
            [
                "Richard McGonagle", 
                "Four Arms"
            ], 
            [
                "Fred Tatasciore", 
                "Cannon Bolt"
            ], 
            [
                "Richard Steven Horvitz", 
                "Grey Matter"
            ], 
            [
                "Richard Doyle", 
                "Enoch"
            ], 
            [
                "Khary Payton", 
                "Hex"
            ], 
            [
                "Jennifer Hale", 
                "Rojo"
            ], 
            [
                "Dwight Schultz", 
                "Dr. Animo"
            ], 
            [
                "Kari Wahlgren", 
                "Charmcaster"
            ], 
            [
                "Adam Wylie Jennifer Hale", 
                ""
            ]
        ], 
        "director": "Scooter Tidwell", 
        "duration": 1800, 
        "episode": 1, 
        "fanart": "http://thetvdb.com/banners/fanart/original/79567-1.jpg", 
        "genre": "Acción, Aventura, Animación, Niños", 
        "imdb_id": "tt0760437", 
        "mediatype": "episode", 
        "mpaa": "Público infantil: desde 7 años", 
        "plot": "Despuéx de la campana de fin de año, Benjamín \"Ben\" Tennyson está listo para irse de campamento con su abuelo, Max Tennyson, y desafortunadamentem su prima Gwendolyn \"Gwen\" Tennyson. Cuando llegan hasta el sitio de acampar y evitando las rarezas de la cena, Ben se interna en el bosque y se encuentra con un meteoríto que se dirije hacia él con un extraño dispositivo de otro mundo: el Omnitrix. El Omnitrix salta a la muñeca de Ben y ahora él puede transformarse en diez super-héroes extraterrestres. Después de experimentar y resolver algunos problemas con unos robots malvados, Ben, Gwen y el abuelo Max comienzan su extraño viaje de verano.", 
        "premiered": "27/12/2005", 
        "rating": 7.3, 
        "season": 1, 
        "status": "Finalizada", 
        "studio": "Cartoon Network", 
        "thumbnail": "http://thetvdb.com/banners/posters/79567-1.jpg", 
        "title": "Y Fueron 10", 
        "tmdb_id": "4686", 
        "tvdb_id": "79567", 
        "tvshowtitle": "Ben 10", 
        "url_scraper": [
            "http://thetvdb.com/index.php?tab=series&id=79567"
        ], 
        "votes": 18, 
        "writer": "Thomas Pugsley", 
        "year": 2005
    }, 
    "season_id": 16681, 
    "thumbnail": "http://thetvdb.com/banners/episodes/79567/320741.jpg", 
    "title": "1x01 Episodio 1 (Y Fueron 10)", 
    "url": "http://www.anitoonstv.com/ver/ben-10-1-1"
}