{
    "action": "findvideos", 
    "channel": "anitoonstv", 
    "episode_id": 320742, 
    "infoLabels": {
        "IMDBNumber": "tt0760437", 
        "aired": "13/01/2006", 
        "castandrole": [
            [
                "Tara Strong", 
                "Ben Tennyson"
            ], 
            [
                "Meagan Smith", 
                "Gwen Tennyson"
            ], 
            [
                "Paul Eiding", 
                "Grandpa Max Tennyson"
            ], 
            [
                "Claudia Schmidt", 
                "Ben Tennyson"
            ], 
            [
                "Ulf Söhmisch", 
                "Opa Max Tennyson"
            ], 
            [
                "Dee Bradley Baker", 
                "Stinkfly"
            ], 
            [
                "Jim Ward", 
                "XLR8"
            ], 
            [
                "Steve Blum", 
                "Heat Blast"
            ], 
            [
                "Richard McGonagle", 
                "Four Arms"
            ], 
            [
                "Fred Tatasciore", 
                "Cannon Bolt"
            ], 
            [
                "Richard Steven Horvitz", 
                "Grey Matter"
            ], 
            [
                "Richard Doyle", 
                "Enoch"
            ], 
            [
                "Khary Payton", 
                "Hex"
            ], 
            [
                "Jennifer Hale", 
                "Rojo"
            ], 
            [
                "Dwight Schultz", 
                "Dr. Animo"
            ], 
            [
                "Kari Wahlgren", 
                "Charmcaster"
            ], 
            [
                "Adam Wylie Jennifer Hale", 
                ""
            ], 
            [
                "Robert Patrick", 
                ""
            ], 
            [
                "Dwight Schultz", 
                ""
            ], 
            [
                " Richard McGonagle", 
                ""
            ], 
            [
                " Tom Kane", 
                ""
            ], 
            [
                " Meagan Smith", 
                ""
            ], 
            [
                "Tara Strong", 
                ""
            ], 
            [
                "Meagan Smith", 
                ""
            ], 
            [
                "Michael Gough", 
                ""
            ], 
            [
                "Richard Horvitz", 
                ""
            ], 
            [
                " Dwight Schultz", 
                ""
            ]
        ], 
        "director": "Alex Soto", 
        "duration": 1800, 
        "episode": 2, 
        "fanart": "http://thetvdb.com/banners/fanart/original/79567-1.jpg", 
        "genre": "Acción, Aventura, Animación, Niños", 
        "imdb_id": "tt0760437", 
        "mediatype": "episode", 
        "mpaa": "Público infantil: desde 7 años", 
        "plot": "Después de que Ben salva a un niño y a su madre de un edificio en llamas, Gwen y el abuelo Max se encuentran con malas noticias. Hya un científico loco perdido en Washington D.C. con un aparato que puede darle mutaciones asombrosas y gigantescas a animales comunes. Incluso puede reanimar fósiles de dinosaurios. El Dr. Ánimo encuentra a Ben, Gwen y Max en un supermercado. Después de una batalla sin la ayuda de ningún héroe, persiguen a Ánimo hasta el Museo de Historia Natural. Gwen es capturada por un pájaro mutante, y Ben y el abuelo Max la salvan. Dr. Ánimo es capturado y no puede apoderarse el \"premio que merece\", un gran premio de ciencia. Ben aprende una importante lección: no siempre se obtiene lo que se pretende.\r\n", 
        "premiered": "13/01/2006", 
        "rating": 7, 
        "season": 1, 
        "status": "Finalizada", 
        "studio": "Cartoon Network", 
        "thumbnail": "http://thetvdb.com/banners/posters/79567-1.jpg", 
        "title": "Aprendiendo a ser héroe", 
        "tmdb_id": "4686", 
        "tvdb_id": "79567", 
        "tvshowtitle": "Ben 10", 
        "url_scraper": [
            "http://thetvdb.com/index.php?tab=series&id=79567"
        ], 
        "votes": 18, 
        "writer": "Greg Klein, Thomas Pugsley", 
        "year": 2005
    }, 
    "season_id": 16681, 
    "thumbnail": "http://thetvdb.com/banners/episodes/79567/320742.jpg", 
    "title": "1x02 Episodio 2 (Aprendiendo a Ser Héroe)", 
    "url": "http://www.anitoonstv.com/ver/ben-10-1-2"
}