{
    "action": "findvideos", 
    "channel": "anitoonstv", 
    "episode_id": 320744, 
    "infoLabels": {
        "IMDBNumber": "tt0760437", 
        "aired": "21/01/2006", 
        "castandrole": [
            [
                "Tara Strong", 
                "Ben Tennyson"
            ], 
            [
                "Meagan Smith", 
                "Gwen Tennyson"
            ], 
            [
                "Paul Eiding", 
                "Grandpa Max Tennyson"
            ], 
            [
                "Claudia Schmidt", 
                "Ben Tennyson"
            ], 
            [
                "Ulf Söhmisch", 
                "Opa Max Tennyson"
            ], 
            [
                "Dee Bradley Baker", 
                "Stinkfly"
            ], 
            [
                "Jim Ward", 
                "XLR8"
            ], 
            [
                "Steve Blum", 
                "Heat Blast"
            ], 
            [
                "Richard McGonagle", 
                "Four Arms"
            ], 
            [
                "Fred Tatasciore", 
                "Cannon Bolt"
            ], 
            [
                "Richard Steven Horvitz", 
                "Grey Matter"
            ], 
            [
                "Richard Doyle", 
                "Enoch"
            ], 
            [
                "Khary Payton", 
                "Hex"
            ], 
            [
                "Jennifer Hale", 
                "Rojo"
            ], 
            [
                "Dwight Schultz", 
                "Dr. Animo"
            ], 
            [
                "Kari Wahlgren", 
                "Charmcaster"
            ], 
            [
                "Adam Wylie Jennifer Hale", 
                ""
            ], 
            [
                "Robert Patrick", 
                ""
            ], 
            [
                "Dwight Schultz", 
                ""
            ], 
            [
                " Richard McGonagle", 
                ""
            ], 
            [
                " Tom Kane", 
                ""
            ], 
            [
                " Meagan Smith", 
                ""
            ], 
            [
                "Tara Strong", 
                ""
            ], 
            [
                "Meagan Smith", 
                ""
            ], 
            [
                "Michael Gough", 
                ""
            ], 
            [
                "Richard Horvitz", 
                ""
            ], 
            [
                " Dwight Schultz", 
                ""
            ], 
            [
                "Dee Bradley Baker", 
                ""
            ], 
            [
                " Fred Tatasciore", 
                ""
            ], 
            [
                "Richard Horvitz", 
                ""
            ], 
            [
                "Rob Paulsen", 
                ""
            ], 
            [
                "Fred Tatasciore", 
                ""
            ], 
            [
                "Robin Atkin Downes", 
                ""
            ], 
            [
                "Charlie Schlatter", 
                ""
            ], 
            [
                " Michael Gough", 
                ""
            ], 
            [
                "Kari Wahlgren", 
                ""
            ], 
            [
                " Kim Mai Guest", 
                ""
            ], 
            [
                " Jennifer Malenke", 
                ""
            ], 
            [
                " Vanessa Marshall", 
                ""
            ], 
            [
                " Tara Strong", 
                ""
            ], 
            [
                "Tara Strong", 
                ""
            ], 
            [
                "Kari Wahlgren", 
                ""
            ], 
            [
                "Khary Payton", 
                ""
            ], 
            [
                "Adam Wylie", 
                ""
            ], 
            [
                "Fred Tatasciore", 
                ""
            ], 
            [
                "Steven Jay Blum", 
                ""
            ], 
            [
                "Dee Bradley Baker", 
                ""
            ], 
            [
                "Josh Keaton", 
                ""
            ], 
            [
                "Miriam Flynn", 
                ""
            ], 
            [
                " Walker Edmiston", 
                ""
            ]
        ], 
        "director": "Scooter Tidwell", 
        "duration": 1800, 
        "episode": 4, 
        "fanart": "http://thetvdb.com/banners/fanart/original/79567-1.jpg", 
        "genre": "Acción, Aventura, Animación, Niños", 
        "imdb_id": "tt0760437", 
        "mediatype": "episode", 
        "mpaa": "Público infantil: desde 7 años", 
        "plot": "Mientras están comprando helado en el desierto, unos ladrones intentan saquear un cajero automático. Ben y el Abuelo Max capturan a los villanos. Pero los problemas recién comienzan, porque van a visitar a la Tía Vera a un centro de jubilados por el fin de semana. Algo raro sucede aquí. Ben se da cuenta de que una raza de extraterrestres muy malvados reemplazan a los jubilados y los almacenan para comérselos. Cómo hará Ben para salvarlos a todos -incluso a las tías que pellizcan las mejillas-?", 
        "premiered": "21/01/2006", 
        "rating": 7.4, 
        "season": 1, 
        "status": "Finalizada", 
        "studio": "Cartoon Network", 
        "thumbnail": "http://thetvdb.com/banners/posters/79567-1.jpg", 
        "title": "Retiro Permanente", 
        "tmdb_id": "4686", 
        "tvdb_id": "79567", 
        "tvshowtitle": "Ben 10", 
        "url_scraper": [
            "http://thetvdb.com/index.php?tab=series&id=79567"
        ], 
        "votes": 18, 
        "writer": "Marsha F. Griffin", 
        "year": 2005
    }, 
    "season_id": 16681, 
    "thumbnail": "http://thetvdb.com/banners/episodes/79567/320744.jpg", 
    "title": "1x04 Episodio 4 (Visitando a los Viejos)", 
    "url": "http://www.anitoonstv.com/ver/ben-10-1-4"
}