{
    "action": "findvideos", 
    "channel": "anitoonstv", 
    "episode_id": 320745, 
    "infoLabels": {
        "IMDBNumber": "tt0760437", 
        "aired": "28/01/2006", 
        "castandrole": [
            [
                "Tara Strong", 
                "Ben Tennyson"
            ], 
            [
                "Meagan Smith", 
                "Gwen Tennyson"
            ], 
            [
                "Paul Eiding", 
                "Grandpa Max Tennyson"
            ], 
            [
                "Claudia Schmidt", 
                "Ben Tennyson"
            ], 
            [
                "Ulf Söhmisch", 
                "Opa Max Tennyson"
            ], 
            [
                "Dee Bradley Baker", 
                "Stinkfly"
            ], 
            [
                "Jim Ward", 
                "XLR8"
            ], 
            [
                "Steve Blum", 
                "Heat Blast"
            ], 
            [
                "Richard McGonagle", 
                "Four Arms"
            ], 
            [
                "Fred Tatasciore", 
                "Cannon Bolt"
            ], 
            [
                "Richard Steven Horvitz", 
                "Grey Matter"
            ], 
            [
                "Richard Doyle", 
                "Enoch"
            ], 
            [
                "Khary Payton", 
                "Hex"
            ], 
            [
                "Jennifer Hale", 
                "Rojo"
            ], 
            [
                "Dwight Schultz", 
                "Dr. Animo"
            ], 
            [
                "Kari Wahlgren", 
                "Charmcaster"
            ], 
            [
                "Adam Wylie Jennifer Hale", 
                ""
            ], 
            [
                "Robert Patrick", 
                ""
            ], 
            [
                "Dwight Schultz", 
                ""
            ], 
            [
                " Richard McGonagle", 
                ""
            ], 
            [
                " Tom Kane", 
                ""
            ], 
            [
                " Meagan Smith", 
                ""
            ], 
            [
                "Tara Strong", 
                ""
            ], 
            [
                "Meagan Smith", 
                ""
            ], 
            [
                "Michael Gough", 
                ""
            ], 
            [
                "Richard Horvitz", 
                ""
            ], 
            [
                " Dwight Schultz", 
                ""
            ], 
            [
                "Dee Bradley Baker", 
                ""
            ], 
            [
                " Fred Tatasciore", 
                ""
            ], 
            [
                "Richard Horvitz", 
                ""
            ], 
            [
                "Rob Paulsen", 
                ""
            ], 
            [
                "Fred Tatasciore", 
                ""
            ], 
            [
                "Robin Atkin Downes", 
                ""
            ], 
            [
                "Charlie Schlatter", 
                ""
            ], 
            [
                " Michael Gough", 
                ""
            ], 
            [
                "Kari Wahlgren", 
                ""
            ], 
            [
                " Kim Mai Guest", 
                ""
            ], 
            [
                " Jennifer Malenke", 
                ""
            ], 
            [
                " Vanessa Marshall", 
                ""
            ], 
            [
                " Tara Strong", 
                ""
            ], 
            [
                "Tara Strong", 
                ""
            ], 
            [
                "Kari Wahlgren", 
                ""
            ], 
            [
                "Khary Payton", 
                ""
            ], 
            [
                "Adam Wylie", 
                ""
            ], 
            [
                "Fred Tatasciore", 
                ""
            ], 
            [
                "Steven Jay Blum", 
                ""
            ], 
            [
                "Dee Bradley Baker", 
                ""
            ], 
            [
                "Josh Keaton", 
                ""
            ], 
            [
                "Miriam Flynn", 
                ""
            ], 
            [
                " Walker Edmiston", 
                ""
            ], 
            [
                "Bill Ratner", 
                ""
            ], 
            [
                " Grey DeLisle", 
                ""
            ], 
            [
                " Kari Wahlgren", 
                ""
            ], 
            [
                " Vanessa Marshall", 
                ""
            ], 
            [
                "Richard Doyle", 
                ""
            ], 
            [
                " Tara Strong", 
                ""
            ], 
            [
                " Kim Mai Guest", 
                ""
            ], 
            [
                "Grey DeLisle", 
                ""
            ], 
            [
                "Tara Strong", 
                ""
            ], 
            [
                "Steven Jay Blum", 
                ""
            ], 
            [
                "Jim Ward", 
                ""
            ], 
            [
                "B.J. Ward", 
                ""
            ], 
            [
                "Dee Bradley Baker", 
                ""
            ], 
            [
                "Billy West", 
                ""
            ], 
            [
                " Dave Fennoy", 
                ""
            ]
        ], 
        "director": "Scooter Tidwell", 
        "duration": 1800, 
        "episode": 5, 
        "fanart": "http://thetvdb.com/banners/fanart/original/79567-1.jpg", 
        "genre": "Acción, Aventura, Animación, Niños", 
        "imdb_id": "tt0760437", 
        "mediatype": "episode", 
        "mpaa": "Público infantil: desde 7 años", 
        "plot": "Ben se encontrará enfrentando a su desafío más duro, cuando Vilgax envía a tres cazadores de recompensas extraterrestres: el cangrejo Kraab, el robot asesino Sixsix y el misterioso Hoverboard, para recuperar el Omnitrix. Ben rápidamente descubre que hay más de una forma de derrotar aun enemigo, y que hay cosas que no siempre son lo que parecen.", 
        "premiered": "28/01/2006", 
        "rating": 6.8, 
        "season": 1, 
        "status": "Finalizada", 
        "studio": "Cartoon Network", 
        "thumbnail": "http://thetvdb.com/banners/posters/79567-1.jpg", 
        "title": "Buscado", 
        "tmdb_id": "4686", 
        "tvdb_id": "79567", 
        "tvshowtitle": "Ben 10", 
        "url_scraper": [
            "http://thetvdb.com/index.php?tab=series&id=79567"
        ], 
        "votes": 18, 
        "writer": "Adam Beechen", 
        "year": 2005
    }, 
    "season_id": 16681, 
    "thumbnail": "http://thetvdb.com/banners/episodes/79567/320745.jpg", 
    "title": "1x05 Episodio 5 (Buscando el Omnitrix)", 
    "url": "http://www.anitoonstv.com/ver/ben-10-1-5"
}