{
    "action": "findvideos", 
    "channel": "anitoonstv", 
    "episode_id": 320746, 
    "infoLabels": {
        "IMDBNumber": "tt0760437", 
        "aired": "04/02/2006", 
        "castandrole": [
            [
                "Tara Strong", 
                "Ben Tennyson"
            ], 
            [
                "Meagan Smith", 
                "Gwen Tennyson"
            ], 
            [
                "Paul Eiding", 
                "Grandpa Max Tennyson"
            ], 
            [
                "Claudia Schmidt", 
                "Ben Tennyson"
            ], 
            [
                "Ulf Söhmisch", 
                "Opa Max Tennyson"
            ], 
            [
                "Dee Bradley Baker", 
                "Stinkfly"
            ], 
            [
                "Jim Ward", 
                "XLR8"
            ], 
            [
                "Steve Blum", 
                "Heat Blast"
            ], 
            [
                "Richard McGonagle", 
                "Four Arms"
            ], 
            [
                "Fred Tatasciore", 
                "Cannon Bolt"
            ], 
            [
                "Richard Steven Horvitz", 
                "Grey Matter"
            ], 
            [
                "Richard Doyle", 
                "Enoch"
            ], 
            [
                "Khary Payton", 
                "Hex"
            ], 
            [
                "Jennifer Hale", 
                "Rojo"
            ], 
            [
                "Dwight Schultz", 
                "Dr. Animo"
            ], 
            [
                "Kari Wahlgren", 
                "Charmcaster"
            ], 
            [
                "Adam Wylie Jennifer Hale", 
                ""
            ], 
            [
                "Robert Patrick", 
                ""
            ], 
            [
                "Dwight Schultz", 
                ""
            ], 
            [
                " Richard McGonagle", 
                ""
            ], 
            [
                " Tom Kane", 
                ""
            ], 
            [
                " Meagan Smith", 
                ""
            ], 
            [
                "Tara Strong", 
                ""
            ], 
            [
                "Meagan Smith", 
                ""
            ], 
            [
                "Michael Gough", 
                ""
            ], 
            [
                "Richard Horvitz", 
                ""
            ], 
            [
                " Dwight Schultz", 
                ""
            ], 
            [
                "Dee Bradley Baker", 
                ""
            ], 
            [
                " Fred Tatasciore", 
                ""
            ], 
            [
                "Richard Horvitz", 
                ""
            ], 
            [
                "Rob Paulsen", 
                ""
            ], 
            [
                "Fred Tatasciore", 
                ""
            ], 
            [
                "Robin Atkin Downes", 
                ""
            ], 
            [
                "Charlie Schlatter", 
                ""
            ], 
            [
                " Michael Gough", 
                ""
            ], 
            [
                "Kari Wahlgren", 
                ""
            ], 
            [
                " Kim Mai Guest", 
                ""
            ], 
            [
                " Jennifer Malenke", 
                ""
            ], 
            [
                " Vanessa Marshall", 
                ""
            ], 
            [
                " Tara Strong", 
                ""
            ], 
            [
                "Tara Strong", 
                ""
            ], 
            [
                "Kari Wahlgren", 
                ""
            ], 
            [
                "Khary Payton", 
                ""
            ], 
            [
                "Adam Wylie", 
                ""
            ], 
            [
                "Fred Tatasciore", 
                ""
            ], 
            [
                "Steven Jay Blum", 
                ""
            ], 
            [
                "Dee Bradley Baker", 
                ""
            ], 
            [
                "Josh Keaton", 
                ""
            ], 
            [
                "Miriam Flynn", 
                ""
            ], 
            [
                " Walker Edmiston", 
                ""
            ], 
            [
                "Bill Ratner", 
                ""
            ], 
            [
                " Grey DeLisle", 
                ""
            ], 
            [
                " Kari Wahlgren", 
                ""
            ], 
            [
                " Vanessa Marshall", 
                ""
            ], 
            [
                "Richard Doyle", 
                ""
            ], 
            [
                " Tara Strong", 
                ""
            ], 
            [
                " Kim Mai Guest", 
                ""
            ], 
            [
                "Grey DeLisle", 
                ""
            ], 
            [
                "Tara Strong", 
                ""
            ], 
            [
                "Steven Jay Blum", 
                ""
            ], 
            [
                "Jim Ward", 
                ""
            ], 
            [
                "B.J. Ward", 
                ""
            ], 
            [
                "Dee Bradley Baker", 
                ""
            ], 
            [
                "Billy West", 
                ""
            ], 
            [
                " Dave Fennoy", 
                ""
            ], 
            [
                "Charlie Schlatter", 
                ""
            ], 
            [
                " Armin Shimerman", 
                ""
            ], 
            [
                " Jack Angel", 
                ""
            ], 
            [
                "Miguel Najera", 
                ""
            ], 
            [
                " Bettina Bush", 
                ""
            ], 
            [
                " Tara Strong", 
                ""
            ], 
            [
                "Paul Eiding (Radio Chatter #2)", 
                ""
            ], 
            [
                "Fred Tatasciore (Guard #1/Train Conductor)", 
                ""
            ], 
            [
                "Pat Lentz (Shelby)", 
                ""
            ], 
            [
                "Neil Ross (Wainwright/Guard #2/Radio Chatter #1)", 
                ""
            ], 
            [
                "Dave Wittenberg (Road Rage)", 
                ""
            ], 
            [
                "John DiMaggio (Baron)", 
                ""
            ], 
            [
                "Jennifer Hale (Turbine)", 
                ""
            ], 
            [
                "Dwight Schultz", 
                ""
            ]
        ], 
        "director": "Scooter Tidwell", 
        "duration": 1800, 
        "episode": 6, 
        "fanart": "http://thetvdb.com/banners/fanart/original/79567-1.jpg", 
        "genre": "Acción, Aventura, Animación, Niños", 
        "imdb_id": "tt0760437", 
        "mediatype": "episode", 
        "mpaa": "Público infantil: desde 7 años", 
        "plot": "Después de tener una competencia de muecas con el niño del auto de al lado, Ben se topa con un camión de propano que se ha volcado y está a punto de explotar. Con eso resuelto, Ben y su familia se dirigen a Sparksville, un pueblo que trae un nuevo significado a la frase \"trampa para turistas\". Después de explorar las atracciones de Sparksville, Ben y Gwen se dirigen a ver la \"cosa\", la principal atracción del pueblo. Sólo se trata de un gran ovillo y decepcionados, se deciden a jugar una travesura. Ben se transforma en Cuatro Brazos, y lo arroja destrozando el pueblo. Cuando Ben quiere acomodar las cosas se transforma de nuevo y accidentalmente Ben activa al Megawhatt, un pequeño alienígena que tiene mucho sentido del humor. Ahora Ben tiene que detener esta criatura que realmente está destruyendo a Sparksville.", 
        "premiered": "04/02/2006", 
        "rating": 7.3, 
        "season": 1, 
        "status": "Finalizada", 
        "studio": "Cartoon Network", 
        "thumbnail": "http://thetvdb.com/banners/posters/79567-1.jpg", 
        "title": "Trampa para turistas", 
        "tmdb_id": "4686", 
        "tvdb_id": "79567", 
        "tvshowtitle": "Ben 10", 
        "url_scraper": [
            "http://thetvdb.com/index.php?tab=series&id=79567"
        ], 
        "votes": 18, 
        "writer": "Man of Action", 
        "year": 2005
    }, 
    "season_id": 16681, 
    "thumbnail": "http://thetvdb.com/banners/episodes/79567/320746.jpg", 
    "title": "1x06 Episodio 6 (Trampa Para Turistas)", 
    "url": "http://www.anitoonstv.com/ver/ben-10-1-6"
}