{
    "action": "findvideos", 
    "channel": "anitoonstv", 
    "episode_id": 320747, 
    "infoLabels": {
        "IMDBNumber": "tt0760437", 
        "aired": "11/02/2006", 
        "castandrole": [
            [
                "Tara Strong", 
                "Ben Tennyson"
            ], 
            [
                "Meagan Smith", 
                "Gwen Tennyson"
            ], 
            [
                "Paul Eiding", 
                "Grandpa Max Tennyson"
            ], 
            [
                "Claudia Schmidt", 
                "Ben Tennyson"
            ], 
            [
                "Ulf Söhmisch", 
                "Opa Max Tennyson"
            ], 
            [
                "Dee Bradley Baker", 
                "Stinkfly"
            ], 
            [
                "Jim Ward", 
                "XLR8"
            ], 
            [
                "Steve Blum", 
                "Heat Blast"
            ], 
            [
                "Richard McGonagle", 
                "Four Arms"
            ], 
            [
                "Fred Tatasciore", 
                "Cannon Bolt"
            ], 
            [
                "Richard Steven Horvitz", 
                "Grey Matter"
            ], 
            [
                "Richard Doyle", 
                "Enoch"
            ], 
            [
                "Khary Payton", 
                "Hex"
            ], 
            [
                "Jennifer Hale", 
                "Rojo"
            ], 
            [
                "Dwight Schultz", 
                "Dr. Animo"
            ], 
            [
                "Kari Wahlgren", 
                "Charmcaster"
            ], 
            [
                "Adam Wylie Jennifer Hale", 
                ""
            ], 
            [
                "Robert Patrick", 
                ""
            ], 
            [
                "Dwight Schultz", 
                ""
            ], 
            [
                " Richard McGonagle", 
                ""
            ], 
            [
                " Tom Kane", 
                ""
            ], 
            [
                " Meagan Smith", 
                ""
            ], 
            [
                "Tara Strong", 
                ""
            ], 
            [
                "Meagan Smith", 
                ""
            ], 
            [
                "Michael Gough", 
                ""
            ], 
            [
                "Richard Horvitz", 
                ""
            ], 
            [
                " Dwight Schultz", 
                ""
            ], 
            [
                "Dee Bradley Baker", 
                ""
            ], 
            [
                " Fred Tatasciore", 
                ""
            ], 
            [
                "Richard Horvitz", 
                ""
            ], 
            [
                "Rob Paulsen", 
                ""
            ], 
            [
                "Fred Tatasciore", 
                ""
            ], 
            [
                "Robin Atkin Downes", 
                ""
            ], 
            [
                "Charlie Schlatter", 
                ""
            ], 
            [
                " Michael Gough", 
                ""
            ], 
            [
                "Kari Wahlgren", 
                ""
            ], 
            [
                " Kim Mai Guest", 
                ""
            ], 
            [
                " Jennifer Malenke", 
                ""
            ], 
            [
                " Vanessa Marshall", 
                ""
            ], 
            [
                " Tara Strong", 
                ""
            ], 
            [
                "Tara Strong", 
                ""
            ], 
            [
                "Kari Wahlgren", 
                ""
            ], 
            [
                "Khary Payton", 
                ""
            ], 
            [
                "Adam Wylie", 
                ""
            ], 
            [
                "Fred Tatasciore", 
                ""
            ], 
            [
                "Steven Jay Blum", 
                ""
            ], 
            [
                "Dee Bradley Baker", 
                ""
            ], 
            [
                "Josh Keaton", 
                ""
            ], 
            [
                "Miriam Flynn", 
                ""
            ], 
            [
                " Walker Edmiston", 
                ""
            ], 
            [
                "Bill Ratner", 
                ""
            ], 
            [
                " Grey DeLisle", 
                ""
            ], 
            [
                " Kari Wahlgren", 
                ""
            ], 
            [
                " Vanessa Marshall", 
                ""
            ], 
            [
                "Richard Doyle", 
                ""
            ], 
            [
                " Tara Strong", 
                ""
            ], 
            [
                " Kim Mai Guest", 
                ""
            ], 
            [
                "Grey DeLisle", 
                ""
            ], 
            [
                "Tara Strong", 
                ""
            ], 
            [
                "Steven Jay Blum", 
                ""
            ], 
            [
                "Jim Ward", 
                ""
            ], 
            [
                "B.J. Ward", 
                ""
            ], 
            [
                "Dee Bradley Baker", 
                ""
            ], 
            [
                "Billy West", 
                ""
            ], 
            [
                " Dave Fennoy", 
                ""
            ], 
            [
                "Charlie Schlatter", 
                ""
            ], 
            [
                " Armin Shimerman", 
                ""
            ], 
            [
                " Jack Angel", 
                ""
            ], 
            [
                "Miguel Najera", 
                ""
            ], 
            [
                " Bettina Bush", 
                ""
            ], 
            [
                " Tara Strong", 
                ""
            ], 
            [
                "Paul Eiding (Radio Chatter #2)", 
                ""
            ], 
            [
                "Fred Tatasciore (Guard #1/Train Conductor)", 
                ""
            ], 
            [
                "Pat Lentz (Shelby)", 
                ""
            ], 
            [
                "Neil Ross (Wainwright/Guard #2/Radio Chatter #1)", 
                ""
            ], 
            [
                "Dave Wittenberg (Road Rage)", 
                ""
            ], 
            [
                "John DiMaggio (Baron)", 
                ""
            ], 
            [
                "Jennifer Hale (Turbine)", 
                ""
            ], 
            [
                "Dwight Schultz", 
                ""
            ], 
            [
                "Vanessa Marshall", 
                ""
            ], 
            [
                " John DiMaggio", 
                ""
            ], 
            [
                " Greg Ellis", 
                ""
            ], 
            [
                " Tom Kane", 
                ""
            ], 
            [
                "Fred Tatasciore", 
                ""
            ], 
            [
                " Clancy Brown", 
                ""
            ], 
            [
                " Keone Young", 
                ""
            ], 
            [
                "Paul Eiding (Thug/Announcer)", 
                ""
            ], 
            [
                "Tara Strong (Mrs. Fang/Little Kid)", 
                ""
            ], 
            [
                "Jim Ward (Mr. Beck/Referee)", 
                ""
            ], 
            [
                "Dee Bradley Baker (Porcupine/Immovable Object)", 
                ""
            ], 
            [
                "Rob Paulsen (Promoter)", 
                ""
            ], 
            [
                "Jason Spisak (Gaterboy)", 
                ""
            ], 
            [
                "Mikey Kelley", 
                ""
            ], 
            [
                " Michael Reisz", 
                ""
            ]
        ], 
        "director": "Scooter Tidwell", 
        "duration": 1800, 
        "episode": 7, 
        "fanart": "http://thetvdb.com/banners/fanart/original/79567-1.jpg", 
        "genre": "Acción, Aventura, Animación, Niños", 
        "imdb_id": "tt0760437", 
        "mediatype": "episode", 
        "mpaa": "Público infantil: desde 7 años", 
        "plot": "En un hotel, Ben descubre que están demostrando un juego nuevo del luchador de Sumo. Al impedirle la entrada, Ben se transforma en Fantasmagórico y se mete igual. Cuando es descubierto, toda la familia es despedida del hotel. Después de que el abuelo Max reprende a Ben, Ben decide escaparse y recorrer la ciudad opr su cuenta. Así conoce a Kevin, un sociópata que tiene el poder de absorver cualquier forma de energía. Ben traba amistad y le revela los poderes del Omnitrix pero Kevin sólo quiere usarlo para su beneficio personal. Ben aprende que no debe ser egoista y que debe usar sus poderes para el bien común.", 
        "premiered": "11/02/2006", 
        "rating": 7.3, 
        "season": 1, 
        "status": "Finalizada", 
        "studio": "Cartoon Network", 
        "thumbnail": "http://thetvdb.com/banners/posters/79567-1.jpg", 
        "title": "Kevin 11", 
        "tmdb_id": "4686", 
        "tvdb_id": "79567", 
        "tvshowtitle": "Ben 10", 
        "url_scraper": [
            "http://thetvdb.com/index.php?tab=series&id=79567"
        ], 
        "votes": 18, 
        "writer": "Greg Klein", 
        "year": 2005
    }, 
    "season_id": 16681, 
    "thumbnail": "http://thetvdb.com/banners/episodes/79567/320747.jpg", 
    "title": "1x07 Episodio 7 (Copiando Poderes)", 
    "url": "http://www.anitoonstv.com/ver/ben-10-1-7"
}