{
    "action": "findvideos", 
    "channel": "anitoonstv", 
    "episode_id": 320748, 
    "infoLabels": {
        "IMDBNumber": "tt0760437", 
        "aired": "18/02/2006", 
        "castandrole": [
            [
                "Tara Strong", 
                "Ben Tennyson"
            ], 
            [
                "Meagan Smith", 
                "Gwen Tennyson"
            ], 
            [
                "Paul Eiding", 
                "Grandpa Max Tennyson"
            ], 
            [
                "Claudia Schmidt", 
                "Ben Tennyson"
            ], 
            [
                "Ulf Söhmisch", 
                "Opa Max Tennyson"
            ], 
            [
                "Dee Bradley Baker", 
                "Stinkfly"
            ], 
            [
                "Jim Ward", 
                "XLR8"
            ], 
            [
                "Steve Blum", 
                "Heat Blast"
            ], 
            [
                "Richard McGonagle", 
                "Four Arms"
            ], 
            [
                "Fred Tatasciore", 
                "Cannon Bolt"
            ], 
            [
                "Richard Steven Horvitz", 
                "Grey Matter"
            ], 
            [
                "Richard Doyle", 
                "Enoch"
            ], 
            [
                "Khary Payton", 
                "Hex"
            ], 
            [
                "Jennifer Hale", 
                "Rojo"
            ], 
            [
                "Dwight Schultz", 
                "Dr. Animo"
            ], 
            [
                "Kari Wahlgren", 
                "Charmcaster"
            ], 
            [
                "Adam Wylie Jennifer Hale", 
                ""
            ], 
            [
                "Robert Patrick", 
                ""
            ], 
            [
                "Dwight Schultz", 
                ""
            ], 
            [
                " Richard McGonagle", 
                ""
            ], 
            [
                " Tom Kane", 
                ""
            ], 
            [
                " Meagan Smith", 
                ""
            ], 
            [
                "Tara Strong", 
                ""
            ], 
            [
                "Meagan Smith", 
                ""
            ], 
            [
                "Michael Gough", 
                ""
            ], 
            [
                "Richard Horvitz", 
                ""
            ], 
            [
                " Dwight Schultz", 
                ""
            ], 
            [
                "Dee Bradley Baker", 
                ""
            ], 
            [
                " Fred Tatasciore", 
                ""
            ], 
            [
                "Richard Horvitz", 
                ""
            ], 
            [
                "Rob Paulsen", 
                ""
            ], 
            [
                "Fred Tatasciore", 
                ""
            ], 
            [
                "Robin Atkin Downes", 
                ""
            ], 
            [
                "Charlie Schlatter", 
                ""
            ], 
            [
                " Michael Gough", 
                ""
            ], 
            [
                "Kari Wahlgren", 
                ""
            ], 
            [
                " Kim Mai Guest", 
                ""
            ], 
            [
                " Jennifer Malenke", 
                ""
            ], 
            [
                " Vanessa Marshall", 
                ""
            ], 
            [
                " Tara Strong", 
                ""
            ], 
            [
                "Tara Strong", 
                ""
            ], 
            [
                "Kari Wahlgren", 
                ""
            ], 
            [
                "Khary Payton", 
                ""
            ], 
            [
                "Adam Wylie", 
                ""
            ], 
            [
                "Fred Tatasciore", 
                ""
            ], 
            [
                "Steven Jay Blum", 
                ""
            ], 
            [
                "Dee Bradley Baker", 
                ""
            ], 
            [
                "Josh Keaton", 
                ""
            ], 
            [
                "Miriam Flynn", 
                ""
            ], 
            [
                " Walker Edmiston", 
                ""
            ], 
            [
                "Bill Ratner", 
                ""
            ], 
            [
                " Grey DeLisle", 
                ""
            ], 
            [
                " Kari Wahlgren", 
                ""
            ], 
            [
                " Vanessa Marshall", 
                ""
            ], 
            [
                "Richard Doyle", 
                ""
            ], 
            [
                " Tara Strong", 
                ""
            ], 
            [
                " Kim Mai Guest", 
                ""
            ], 
            [
                "Grey DeLisle", 
                ""
            ], 
            [
                "Tara Strong", 
                ""
            ], 
            [
                "Steven Jay Blum", 
                ""
            ], 
            [
                "Jim Ward", 
                ""
            ], 
            [
                "B.J. Ward", 
                ""
            ], 
            [
                "Dee Bradley Baker", 
                ""
            ], 
            [
                "Billy West", 
                ""
            ], 
            [
                " Dave Fennoy", 
                ""
            ], 
            [
                "Charlie Schlatter", 
                ""
            ], 
            [
                " Armin Shimerman", 
                ""
            ], 
            [
                " Jack Angel", 
                ""
            ], 
            [
                "Miguel Najera", 
                ""
            ], 
            [
                " Bettina Bush", 
                ""
            ], 
            [
                " Tara Strong", 
                ""
            ], 
            [
                "Paul Eiding (Radio Chatter #2)", 
                ""
            ], 
            [
                "Fred Tatasciore (Guard #1/Train Conductor)", 
                ""
            ], 
            [
                "Pat Lentz (Shelby)", 
                ""
            ], 
            [
                "Neil Ross (Wainwright/Guard #2/Radio Chatter #1)", 
                ""
            ], 
            [
                "Dave Wittenberg (Road Rage)", 
                ""
            ], 
            [
                "John DiMaggio (Baron)", 
                ""
            ], 
            [
                "Jennifer Hale (Turbine)", 
                ""
            ], 
            [
                "Dwight Schultz", 
                ""
            ], 
            [
                "Vanessa Marshall", 
                ""
            ], 
            [
                " John DiMaggio", 
                ""
            ], 
            [
                " Greg Ellis", 
                ""
            ], 
            [
                " Tom Kane", 
                ""
            ], 
            [
                "Fred Tatasciore", 
                ""
            ], 
            [
                " Clancy Brown", 
                ""
            ], 
            [
                " Keone Young", 
                ""
            ], 
            [
                "Paul Eiding (Thug/Announcer)", 
                ""
            ], 
            [
                "Tara Strong (Mrs. Fang/Little Kid)", 
                ""
            ], 
            [
                "Jim Ward (Mr. Beck/Referee)", 
                ""
            ], 
            [
                "Dee Bradley Baker (Porcupine/Immovable Object)", 
                ""
            ], 
            [
                "Rob Paulsen (Promoter)", 
                ""
            ], 
            [
                "Jason Spisak (Gaterboy)", 
                ""
            ], 
            [
                "Mikey Kelley", 
                ""
            ], 
            [
                " Michael Reisz", 
                ""
            ], 
            [
                "Jennifer Hale", 
                ""
            ], 
            [
                " Kim Mai Guest", 
                ""
            ], 
            [
                "Paul Eiding", 
                ""
            ], 
            [
                " Tara Strong", 
                ""
            ], 
            [
                " Josh Keaton", 
                ""
            ], 
            [
                " John Cygan", 
                ""
            ], 
            [
                "Tara Strong (Gwendolyn Tennyson/Buzzshock/Kenny Tennyson)", 
                ""
            ], 
            [
                "Paul Eiding (Old Max Tennyson)", 
                ""
            ], 
            [
                "Fred Tatasciore (Ben 10,000)", 
                ""
            ], 
            [
                "Jim Ward (XLR8-Kenny)", 
                ""
            ], 
            [
                "Charlie Schlatter (Devlin/Kevin/Kevin 11,000)", 
                ""
            ], 
            [
                "Rob Paulsen (Monitor)", 
                ""
            ], 
            [
                "Richard Horvitz (Kid)", 
                ""
            ], 
            [
                "Dave Fennoy", 
                ""
            ], 
            [
                " Jennifer Hale", 
                ""
            ]
        ], 
        "director": "Scooter Tidwell", 
        "duration": 1800, 
        "episode": 8, 
        "fanart": "http://thetvdb.com/banners/fanart/original/79567-1.jpg", 
        "genre": "Acción, Aventura, Animación, Niños", 
        "imdb_id": "tt0760437", 
        "mediatype": "episode", 
        "mpaa": "Público infantil: desde 7 años", 
        "plot": "Ben, transformado en Cuatro Brazos, desbarata un robo a un camión blindado que es llevado a cabo por una chica mala llamada Joey. Durante la pelea, unos robots de Vilgax lastiman al abuelo. Cuando Cuatro Brazos lleva al abuelo al hospital, Joey es transformada por los robots en un ciborg poderoso llamado Rojo. Vilgax le ordena destruir a Ben y recuperar el Omnitrix. Pero Ben se transforma en Ultra T y consigue derrotarla, no sin antes recibir un mensaje aterrador de Vilgax.\r\n", 
        "premiered": "18/02/2006", 
        "rating": 7, 
        "season": 1, 
        "status": "Finalizada", 
        "studio": "Cartoon Network", 
        "thumbnail": "http://thetvdb.com/banners/posters/79567-1.jpg", 
        "title": "La Alianza", 
        "tmdb_id": "4686", 
        "tvdb_id": "79567", 
        "tvshowtitle": "Ben 10", 
        "url_scraper": [
            "http://thetvdb.com/index.php?tab=series&id=79567"
        ], 
        "votes": 18, 
        "writer": "Kevin Hopps", 
        "year": 2005
    }, 
    "season_id": 16681, 
    "thumbnail": "http://thetvdb.com/banners/episodes/79567/320748.jpg", 
    "title": "1x08 Episodio 8 (La Alianza)", 
    "url": "http://www.anitoonstv.com/ver/ben-10-1-8"
}