{
    "action": "findvideos", 
    "channel": "anitoonstv", 
    "episode_id": 320752, 
    "infoLabels": {
        "IMDBNumber": "tt0760437", 
        "aired": "18/03/2006", 
        "castandrole": [
            [
                "Tara Strong", 
                "Ben Tennyson"
            ], 
            [
                "Meagan Smith", 
                "Gwen Tennyson"
            ], 
            [
                "Paul Eiding", 
                "Grandpa Max Tennyson"
            ], 
            [
                "Claudia Schmidt", 
                "Ben Tennyson"
            ], 
            [
                "Ulf Söhmisch", 
                "Opa Max Tennyson"
            ], 
            [
                "Dee Bradley Baker", 
                "Stinkfly"
            ], 
            [
                "Jim Ward", 
                "XLR8"
            ], 
            [
                "Steve Blum", 
                "Heat Blast"
            ], 
            [
                "Richard McGonagle", 
                "Four Arms"
            ], 
            [
                "Fred Tatasciore", 
                "Cannon Bolt"
            ], 
            [
                "Richard Steven Horvitz", 
                "Grey Matter"
            ], 
            [
                "Richard Doyle", 
                "Enoch"
            ], 
            [
                "Khary Payton", 
                "Hex"
            ], 
            [
                "Jennifer Hale", 
                "Rojo"
            ], 
            [
                "Dwight Schultz", 
                "Dr. Animo"
            ], 
            [
                "Kari Wahlgren", 
                "Charmcaster"
            ], 
            [
                "Adam Wylie Jennifer Hale", 
                ""
            ], 
            [
                "Robert Patrick", 
                ""
            ], 
            [
                "Dwight Schultz", 
                ""
            ], 
            [
                " Richard McGonagle", 
                ""
            ], 
            [
                " Tom Kane", 
                ""
            ], 
            [
                " Meagan Smith", 
                ""
            ], 
            [
                "Tara Strong", 
                ""
            ], 
            [
                "Meagan Smith", 
                ""
            ], 
            [
                "Michael Gough", 
                ""
            ], 
            [
                "Richard Horvitz", 
                ""
            ], 
            [
                " Dwight Schultz", 
                ""
            ], 
            [
                "Dee Bradley Baker", 
                ""
            ], 
            [
                " Fred Tatasciore", 
                ""
            ], 
            [
                "Richard Horvitz", 
                ""
            ], 
            [
                "Rob Paulsen", 
                ""
            ], 
            [
                "Fred Tatasciore", 
                ""
            ], 
            [
                "Robin Atkin Downes", 
                ""
            ], 
            [
                "Charlie Schlatter", 
                ""
            ], 
            [
                " Michael Gough", 
                ""
            ], 
            [
                "Kari Wahlgren", 
                ""
            ], 
            [
                " Kim Mai Guest", 
                ""
            ], 
            [
                " Jennifer Malenke", 
                ""
            ], 
            [
                " Vanessa Marshall", 
                ""
            ], 
            [
                " Tara Strong", 
                ""
            ], 
            [
                "Tara Strong", 
                ""
            ], 
            [
                "Kari Wahlgren", 
                ""
            ], 
            [
                "Khary Payton", 
                ""
            ], 
            [
                "Adam Wylie", 
                ""
            ], 
            [
                "Fred Tatasciore", 
                ""
            ], 
            [
                "Steven Jay Blum", 
                ""
            ], 
            [
                "Dee Bradley Baker", 
                ""
            ], 
            [
                "Josh Keaton", 
                ""
            ], 
            [
                "Miriam Flynn", 
                ""
            ], 
            [
                " Walker Edmiston", 
                ""
            ], 
            [
                "Bill Ratner", 
                ""
            ], 
            [
                " Grey DeLisle", 
                ""
            ], 
            [
                " Kari Wahlgren", 
                ""
            ], 
            [
                " Vanessa Marshall", 
                ""
            ], 
            [
                "Richard Doyle", 
                ""
            ], 
            [
                " Tara Strong", 
                ""
            ], 
            [
                " Kim Mai Guest", 
                ""
            ], 
            [
                "Grey DeLisle", 
                ""
            ], 
            [
                "Tara Strong", 
                ""
            ], 
            [
                "Steven Jay Blum", 
                ""
            ], 
            [
                "Jim Ward", 
                ""
            ], 
            [
                "B.J. Ward", 
                ""
            ], 
            [
                "Dee Bradley Baker", 
                ""
            ], 
            [
                "Billy West", 
                ""
            ], 
            [
                " Dave Fennoy", 
                ""
            ], 
            [
                "Charlie Schlatter", 
                ""
            ], 
            [
                " Armin Shimerman", 
                ""
            ], 
            [
                " Jack Angel", 
                ""
            ], 
            [
                "Miguel Najera", 
                ""
            ], 
            [
                " Bettina Bush", 
                ""
            ], 
            [
                " Tara Strong", 
                ""
            ], 
            [
                "Paul Eiding (Radio Chatter #2)", 
                ""
            ], 
            [
                "Fred Tatasciore (Guard #1/Train Conductor)", 
                ""
            ], 
            [
                "Pat Lentz (Shelby)", 
                ""
            ], 
            [
                "Neil Ross (Wainwright/Guard #2/Radio Chatter #1)", 
                ""
            ], 
            [
                "Dave Wittenberg (Road Rage)", 
                ""
            ], 
            [
                "John DiMaggio (Baron)", 
                ""
            ], 
            [
                "Jennifer Hale (Turbine)", 
                ""
            ], 
            [
                "Dwight Schultz", 
                ""
            ], 
            [
                "Vanessa Marshall", 
                ""
            ], 
            [
                " John DiMaggio", 
                ""
            ], 
            [
                " Greg Ellis", 
                ""
            ], 
            [
                " Tom Kane", 
                ""
            ], 
            [
                "Fred Tatasciore", 
                ""
            ], 
            [
                " Clancy Brown", 
                ""
            ], 
            [
                " Keone Young", 
                ""
            ], 
            [
                "Paul Eiding (Thug/Announcer)", 
                ""
            ], 
            [
                "Tara Strong (Mrs. Fang/Little Kid)", 
                ""
            ], 
            [
                "Jim Ward (Mr. Beck/Referee)", 
                ""
            ], 
            [
                "Dee Bradley Baker (Porcupine/Immovable Object)", 
                ""
            ], 
            [
                "Rob Paulsen (Promoter)", 
                ""
            ], 
            [
                "Jason Spisak (Gaterboy)", 
                ""
            ], 
            [
                "Mikey Kelley", 
                ""
            ], 
            [
                " Michael Reisz", 
                ""
            ], 
            [
                "Jennifer Hale", 
                ""
            ], 
            [
                " Kim Mai Guest", 
                ""
            ], 
            [
                "Paul Eiding", 
                ""
            ], 
            [
                " Tara Strong", 
                ""
            ], 
            [
                " Josh Keaton", 
                ""
            ], 
            [
                " John Cygan", 
                ""
            ], 
            [
                "Tara Strong (Gwendolyn Tennyson/Buzzshock/Kenny Tennyson)", 
                ""
            ], 
            [
                "Paul Eiding (Old Max Tennyson)", 
                ""
            ], 
            [
                "Fred Tatasciore (Ben 10,000)", 
                ""
            ], 
            [
                "Jim Ward (XLR8-Kenny)", 
                ""
            ], 
            [
                "Charlie Schlatter (Devlin/Kevin/Kevin 11,000)", 
                ""
            ], 
            [
                "Rob Paulsen (Monitor)", 
                ""
            ], 
            [
                "Richard Horvitz (Kid)", 
                ""
            ], 
            [
                "Dave Fennoy", 
                ""
            ], 
            [
                " Jennifer Hale", 
                ""
            ], 
            [
                "Richard Doyle", 
                ""
            ], 
            [
                " Khary Payton", 
                ""
            ], 
            [
                "Rob Pinkston", 
                ""
            ], 
            [
                " Khary Payton", 
                ""
            ], 
            [
                " Kath Soucie", 
                ""
            ], 
            [
                "Kari Wahlgren (Charmcaster)", 
                ""
            ], 
            [
                "Dwight Schultz (Dr. Animo)", 
                ""
            ], 
            [
                "Jim Ward (Soldier)", 
                ""
            ], 
            [
                "Jennifer Hale (Rojo/Tour Guide)", 
                ""
            ], 
            [
                "Catherine Cavadini (Cooper)", 
                ""
            ], 
            [
                "Richard Doyle (Forever King/Thug #2)", 
                ""
            ], 
            [
                "Paul Eiding (Chicken Soldier)", 
                ""
            ], 
            [
                "Dee Bradley Baker (Acid Breath/DJ)", 
                ""
            ], 
            [
                "Jeff Doucette", 
                ""
            ], 
            [
                " John Kassir", 
                ""
            ], 
            [
                " Cree Summer", 
                ""
            ], 
            [
                "Khary Payton", 
                ""
            ], 
            [
                " Kari Wahlgren", 
                ""
            ], 
            [
                " Dave Wittenberg", 
                ""
            ], 
            [
                " Pat Lentz", 
                ""
            ], 
            [
                "Richard Horvitz", 
                ""
            ], 
            [
                " Jim Ward", 
                ""
            ], 
            [
                " Dee Bradley Baker", 
                ""
            ], 
            [
                " Richard Doyle", 
                ""
            ], 
            [
                " Richard McGonagle", 
                ""
            ], 
            [
                " Adam Wylie", 
                ""
            ], 
            [
                " Fred Tatasciore", 
                ""
            ], 
            [
                "Steven Jay Blum (Tour Guide)", 
                ""
            ], 
            [
                "Fred Tatasciore (Tourist)", 
                ""
            ], 
            [
                "Khary Payton", 
                ""
            ], 
            [
                " Billy West", 
                ""
            ], 
            [
                " Nancy Linari", 
                ""
            ], 
            [
                "Kath Soucie", 
                ""
            ], 
            [
                " Tom Kane", 
                ""
            ], 
            [
                "Jim Ward", 
                ""
            ], 
            [
                " Jess Harnell", 
                ""
            ], 
            [
                " Mark Thompson", 
                ""
            ], 
            [
                "Steven Jay Blum (Vilgax) Adam Wylie (J.T.) Dee Bradley Baker (Cash)", 
                ""
            ], 
            [
                "Nolan North", 
                ""
            ], 
            [
                " Richard Doyle", 
                ""
            ], 
            [
                " Larry Cedar", 
                ""
            ], 
            [
                "Cree Summer", 
                ""
            ], 
            [
                " Jeff Doucette", 
                ""
            ], 
            [
                " Kath Soucie", 
                ""
            ], 
            [
                "Michael Dorn", 
                ""
            ], 
            [
                "Jim Ward", 
                ""
            ], 
            [
                "Fred Tatasciore", 
                ""
            ], 
            [
                "Steven Jay Blum", 
                ""
            ], 
            [
                "Richard Green", 
                ""
            ], 
            [
                "Nicholas Guest", 
                ""
            ], 
            [
                " Nancy Linari", 
                ""
            ], 
            [
                " Rosalind Chao", 
                ""
            ]
        ], 
        "director": "Scooter Tidwell", 
        "duration": 1800, 
        "episode": 12, 
        "fanart": "http://thetvdb.com/banners/fanart/original/79567-1.jpg", 
        "genre": "Acción, Aventura, Animación, Niños", 
        "imdb_id": "tt0760437", 
        "mediatype": "episode", 
        "mpaa": "Público infantil: desde 7 años", 
        "plot": "Cuando la alcaldesa Liang intenta rediseñar un área de la ciudad, la demolición de un edificio molesta a un hombre llamado Clancy, que tiene la habilidad de comunicarse con los insectos. Mientras tanto Ben después de detener a unos criminales se mete dentro de un camión de helados para darse un gran atracón, pero se queda encerrado y termina pescando un resfriado. El virus se combina con el ADN estraterrestre causando extraños efectos secundarios. Clancy secuestra a la alcaldesa y amenaza a la ciudad con una explosión de la planta nuclear. Ahora Ben debe salvar a todos mientras intenta controlar los extraños efectos de su resfriado.", 
        "premiered": "18/03/2006", 
        "rating": 6, 
        "season": 1, 
        "status": "Finalizada", 
        "studio": "Cartoon Network", 
        "thumbnail": "http://thetvdb.com/banners/posters/79567-1.jpg", 
        "title": "Efectos Secundarios", 
        "tmdb_id": "4686", 
        "tvdb_id": "79567", 
        "tvshowtitle": "Ben 10", 
        "url_scraper": [
            "http://thetvdb.com/index.php?tab=series&id=79567"
        ], 
        "votes": 18, 
        "writer": "Greg Klein", 
        "year": 2005
    }, 
    "season_id": 16681, 
    "thumbnail": "http://thetvdb.com/banners/episodes/79567/320752.jpg", 
    "title": "1x12 Episodio 12 (Efectos Secundarios)", 
    "url": "http://www.anitoonstv.com/ver/ben-10-1-12"
}