{
    "action": "findvideos", 
    "channel": "anitoonstv", 
    "episode_id": 320758, 
    "infoLabels": {
        "IMDBNumber": "tt0760437", 
        "aired": "29/05/2006", 
        "castandrole": [
            [
                "Tara Strong", 
                "Ben Tennyson"
            ], 
            [
                "Meagan Smith", 
                "Gwen Tennyson"
            ], 
            [
                "Paul Eiding", 
                "Grandpa Max Tennyson"
            ], 
            [
                "Claudia Schmidt", 
                "Ben Tennyson"
            ], 
            [
                "Ulf Söhmisch", 
                "Opa Max Tennyson"
            ], 
            [
                "Dee Bradley Baker", 
                "Stinkfly"
            ], 
            [
                "Jim Ward", 
                "XLR8"
            ], 
            [
                "Steve Blum", 
                "Heat Blast"
            ], 
            [
                "Richard McGonagle", 
                "Four Arms"
            ], 
            [
                "Fred Tatasciore", 
                "Cannon Bolt"
            ], 
            [
                "Richard Steven Horvitz", 
                "Grey Matter"
            ], 
            [
                "Richard Doyle", 
                "Enoch"
            ], 
            [
                "Khary Payton", 
                "Hex"
            ], 
            [
                "Jennifer Hale", 
                "Rojo"
            ], 
            [
                "Dwight Schultz", 
                "Dr. Animo"
            ], 
            [
                "Kari Wahlgren", 
                "Charmcaster"
            ], 
            [
                "Adam Wylie Jennifer Hale", 
                ""
            ], 
            [
                "Robert Patrick", 
                ""
            ]
        ], 
        "director": "Scooter Tidwell", 
        "duration": 1800, 
        "episode": 1, 
        "fanart": "http://thetvdb.com/banners/fanart/original/79567-1.jpg", 
        "genre": "Acción, Aventura, Animación, Niños", 
        "imdb_id": "tt0760437", 
        "mediatype": "episode", 
        "mpaa": "Público infantil: desde 7 años", 
        "plot": "Después de la batalla con Vilgax, el abuelo Max les cuenta su historia sobre su pasado. Él fue parte de una organización secreta llamada \"Los Plomeros\", un grupo de gente que protege a los humanos de los ataques extraterrestres. Mientras tanto conocen a Phil, un viejo compañero de \"Plomero\", pero pronto descubren que utiliza la tecnología de los Plomeros en su propio beneficio.", 
        "premiered": "29/05/2006", 
        "rating": 7.4, 
        "season": 2, 
        "status": "Finalizada", 
        "studio": "Cartoon Network", 
        "thumbnail": "http://thetvdb.com/banners/posters/79567-1.jpg", 
        "title": "La Verdad", 
        "tmdb_id": "4686", 
        "tvdb_id": "79567", 
        "tvshowtitle": "Ben 10", 
        "url_scraper": [
            "http://thetvdb.com/index.php?tab=series&id=79567"
        ], 
        "votes": 18, 
        "writer": "Marty Isenberg", 
        "year": 2005
    }, 
    "season_id": 16682, 
    "thumbnail": "http://thetvdb.com/banners/episodes/79567/320758.jpg", 
    "title": "2x01 Episodio 1 (La Verdad)", 
    "url": "http://www.anitoonstv.com/ver/ben-10-2-1"
}