{
    "action": "findvideos", 
    "channel": "anitoonstv", 
    "episode_id": 320759, 
    "infoLabels": {
        "IMDBNumber": "tt0760437", 
        "aired": "30/05/2006", 
        "castandrole": [
            [
                "Tara Strong", 
                "Ben Tennyson"
            ], 
            [
                "Meagan Smith", 
                "Gwen Tennyson"
            ], 
            [
                "Paul Eiding", 
                "Grandpa Max Tennyson"
            ], 
            [
                "Claudia Schmidt", 
                "Ben Tennyson"
            ], 
            [
                "Ulf Söhmisch", 
                "Opa Max Tennyson"
            ], 
            [
                "Dee Bradley Baker", 
                "Stinkfly"
            ], 
            [
                "Jim Ward", 
                "XLR8"
            ], 
            [
                "Steve Blum", 
                "Heat Blast"
            ], 
            [
                "Richard McGonagle", 
                "Four Arms"
            ], 
            [
                "Fred Tatasciore", 
                "Cannon Bolt"
            ], 
            [
                "Richard Steven Horvitz", 
                "Grey Matter"
            ], 
            [
                "Richard Doyle", 
                "Enoch"
            ], 
            [
                "Khary Payton", 
                "Hex"
            ], 
            [
                "Jennifer Hale", 
                "Rojo"
            ], 
            [
                "Dwight Schultz", 
                "Dr. Animo"
            ], 
            [
                "Kari Wahlgren", 
                "Charmcaster"
            ], 
            [
                "Adam Wylie Jennifer Hale", 
                ""
            ], 
            [
                "Robert Patrick", 
                ""
            ], 
            [
                "Dwight Schultz", 
                ""
            ], 
            [
                " Richard McGonagle", 
                ""
            ], 
            [
                " Tom Kane", 
                ""
            ], 
            [
                " Meagan Smith", 
                ""
            ], 
            [
                "Tara Strong", 
                ""
            ], 
            [
                "Meagan Smith", 
                ""
            ], 
            [
                "Michael Gough", 
                ""
            ], 
            [
                "Richard Horvitz", 
                ""
            ], 
            [
                " Dwight Schultz", 
                ""
            ], 
            [
                "Dee Bradley Baker", 
                ""
            ], 
            [
                " Fred Tatasciore", 
                ""
            ]
        ], 
        "director": "Sabastian Montes", 
        "duration": 1800, 
        "episode": 2, 
        "fanart": "http://thetvdb.com/banners/fanart/original/79567-1.jpg", 
        "genre": "Acción, Aventura, Animación, Niños", 
        "imdb_id": "tt0760437", 
        "mediatype": "episode", 
        "mpaa": "Público infantil: desde 7 años", 
        "plot": "En el parque Yellowstone, Ben y Gwen descubren un nuevo héroe, Cannonball, una especie de armadillo al que Ben no se acostumbra. Tres aliens llegan con un gigante al que adoran y que va a comerse al planeta. Ben debe detenerlo y aprenderá a usar su nuevo héroe.", 
        "premiered": "30/05/2006", 
        "rating": 7.3, 
        "season": 2, 
        "status": "Finalizada", 
        "studio": "Cartoon Network", 
        "thumbnail": "http://thetvdb.com/banners/posters/79567-1.jpg", 
        "title": "Un Nuevo Héroe", 
        "tmdb_id": "4686", 
        "tvdb_id": "79567", 
        "tvshowtitle": "Ben 10", 
        "url_scraper": [
            "http://thetvdb.com/index.php?tab=series&id=79567"
        ], 
        "votes": 18, 
        "writer": "Kevin Hopps", 
        "year": 2005
    }, 
    "season_id": 16682, 
    "thumbnail": "http://thetvdb.com/banners/episodes/79567/320759.jpg", 
    "title": "2x02 Episodio 2 (Un Nuevo Héroe)", 
    "url": "http://www.anitoonstv.com/ver/ben-10-2-2"
}