{
    "action": "findvideos", 
    "channel": "anitoonstv", 
    "episode_id": 320760, 
    "infoLabels": {
        "IMDBNumber": "tt0760437", 
        "aired": "31/05/2006", 
        "castandrole": [
            [
                "Tara Strong", 
                "Ben Tennyson"
            ], 
            [
                "Meagan Smith", 
                "Gwen Tennyson"
            ], 
            [
                "Paul Eiding", 
                "Grandpa Max Tennyson"
            ], 
            [
                "Claudia Schmidt", 
                "Ben Tennyson"
            ], 
            [
                "Ulf Söhmisch", 
                "Opa Max Tennyson"
            ], 
            [
                "Dee Bradley Baker", 
                "Stinkfly"
            ], 
            [
                "Jim Ward", 
                "XLR8"
            ], 
            [
                "Steve Blum", 
                "Heat Blast"
            ], 
            [
                "Richard McGonagle", 
                "Four Arms"
            ], 
            [
                "Fred Tatasciore", 
                "Cannon Bolt"
            ], 
            [
                "Richard Steven Horvitz", 
                "Grey Matter"
            ], 
            [
                "Richard Doyle", 
                "Enoch"
            ], 
            [
                "Khary Payton", 
                "Hex"
            ], 
            [
                "Jennifer Hale", 
                "Rojo"
            ], 
            [
                "Dwight Schultz", 
                "Dr. Animo"
            ], 
            [
                "Kari Wahlgren", 
                "Charmcaster"
            ], 
            [
                "Adam Wylie Jennifer Hale", 
                ""
            ], 
            [
                "Robert Patrick", 
                ""
            ], 
            [
                "Dwight Schultz", 
                ""
            ], 
            [
                " Richard McGonagle", 
                ""
            ], 
            [
                " Tom Kane", 
                ""
            ], 
            [
                " Meagan Smith", 
                ""
            ], 
            [
                "Tara Strong", 
                ""
            ], 
            [
                "Meagan Smith", 
                ""
            ], 
            [
                "Michael Gough", 
                ""
            ], 
            [
                "Richard Horvitz", 
                ""
            ], 
            [
                " Dwight Schultz", 
                ""
            ], 
            [
                "Dee Bradley Baker", 
                ""
            ], 
            [
                " Fred Tatasciore", 
                ""
            ], 
            [
                "Richard Horvitz", 
                ""
            ], 
            [
                "Rob Paulsen", 
                ""
            ], 
            [
                "Fred Tatasciore", 
                ""
            ], 
            [
                "Robin Atkin Downes", 
                ""
            ], 
            [
                "Charlie Schlatter", 
                ""
            ], 
            [
                " Michael Gough", 
                ""
            ]
        ], 
        "director": "Sebastian O. Montes", 
        "duration": 1800, 
        "episode": 3, 
        "fanart": "http://thetvdb.com/banners/fanart/original/79567-1.jpg", 
        "genre": "Acción, Aventura, Animación, Niños", 
        "imdb_id": "tt0760437", 
        "mediatype": "episode", 
        "mpaa": "Público infantil: desde 7 años", 
        "plot": "Después de descubrir un misterioso dispositivo conocido como el Omnitrix, el niño de diez años, Ben Tennyson se hace con el poder de cambiarse en diez héroes extraterrestres\r\n\r\nCada alien tiene sus únicos y asomborosos poderes. A pesar de que Ben tiene una gran responsabilidad de proteger a otros y luchar contra fuerzas del mal, todavía tiene tiempo para algunas travesuras y diversión.", 
        "premiered": "31/05/2006", 
        "rating": 6, 
        "season": 2, 
        "status": "Finalizada", 
        "studio": "Cartoon Network", 
        "thumbnail": "http://thetvdb.com/banners/posters/79567-1.jpg", 
        "title": "Kevin Regresa", 
        "tmdb_id": "4686", 
        "tvdb_id": "79567", 
        "tvshowtitle": "Ben 10", 
        "url_scraper": [
            "http://thetvdb.com/index.php?tab=series&id=79567"
        ], 
        "votes": 18, 
        "writer": "Thomas Pugsley", 
        "year": 2005
    }, 
    "season_id": 16682, 
    "thumbnail": "http://thetvdb.com/banners/episodes/79567/320760.jpg", 
    "title": "2x03 Episodio 3 (Kevin Regresa)", 
    "url": "http://www.anitoonstv.com/ver/ben-10-2-3"
}