{
    "AUTOPLAY": {
        "AUTOPLAY": {}, 
        "allcalidad": {
            "quality": [
                "default"
            ], 
            "servers": [
                "streamango", 
                "fastplay", 
                "rapidvideo", 
                "openload", 
                "vimeo", 
                "flashx", 
                "netutv"
            ], 
            "settings": {
                "active": false, 
                "custom_quality": false, 
                "custom_servers": false, 
                "priority": 0, 
                "quality_1": 0, 
                "quality_2": 0, 
                "quality_3": 0, 
                "server_1": 0, 
                "server_2": 1, 
                "server_3": 2
            }
        }, 
        "anitoonstv": {
            "quality": [
                "default"
            ], 
            "servers": [
                "okru", 
                "netutv", 
                "openload", 
                "rapidvideo", 
                "streamango", 
                "flashx"
            ], 
            "settings": {
                "active": true, 
                "custom_quality": false, 
                "custom_servers": true, 
                "plan_b": true, 
                "priority": 0, 
                "quality_1": 0, 
                "quality_2": 0, 
                "quality_3": 0, 
                "server_1": 2, 
                "server_2": 0, 
                "server_3": 3
            }
        }, 
        "cinecalidad": {
            "quality": [
                "480p", 
                "360p", 
                "default", 
                "720p", 
                "240p", 
                "1080p"
            ], 
            "servers": [
                "uptobox", 
                "vidbull", 
                "filescdn", 
                "okru", 
                "directo", 
                "thevideos", 
                "pcloud", 
                "usersfiles", 
                "yourupload", 
                "nowvideo", 
                "openload", 
                "userscloud", 
                "thevideome", 
                "streamango", 
                "torrent"
            ], 
            "settings": {
                "active": true, 
                "custom_quality": true, 
                "custom_servers": true, 
                "plan_b": true, 
                "priority": 0, 
                "quality_1": 5, 
                "quality_2": 3, 
                "quality_3": 2, 
                "server_1": 10, 
                "server_2": 13, 
                "server_3": 14
            }
        }, 
        "cinefox": {
            "quality": [
                "default"
            ], 
            "servers": [
                "streamango", 
                "powvideo", 
                "rapidvideo", 
                "streamplay", 
                "streamcloud", 
                "openload", 
                "flashx", 
                "gamovideo"
            ], 
            "settings": {
                "active": true, 
                "custom_quality": false, 
                "custom_servers": true, 
                "plan_b": true, 
                "priority": 0, 
                "quality_1": 0, 
                "quality_2": 0, 
                "quality_3": 0, 
                "server_1": 5, 
                "server_2": 2, 
                "server_3": 0
            }
        }, 
        "danimados": {
            "quality": [
                "default"
            ], 
            "servers": [
                "okru", 
                "openload", 
                "rapidvideo"
            ], 
            "settings": {
                "active": false, 
                "custom_quality": false, 
                "custom_servers": false, 
                "priority": 0, 
                "quality_1": 0, 
                "quality_2": 0, 
                "quality_3": 0, 
                "server_1": 0, 
                "server_2": 1, 
                "server_3": 2
            }
        }, 
        "mundiseries": {
            "quality": [
                "default"
            ], 
            "servers": [
                "okru"
            ], 
            "settings": {
                "active": false, 
                "custom_quality": false, 
                "custom_servers": false, 
                "priority": 0, 
                "quality_1": 0, 
                "quality_2": 0, 
                "quality_3": 0, 
                "server_1": 0, 
                "server_2": 0, 
                "server_3": 0
            }
        }, 
        "mundoflv": {
            "quality": [
                "default"
            ], 
            "servers": [
                "streame", 
                "powvideo", 
                "streamplay", 
                "nowvideo", 
                "openload", 
                "flashx", 
                "gamovideo", 
                "streamin"
            ], 
            "settings": {
                "active": false, 
                "custom_quality": false, 
                "custom_servers": false, 
                "priority": 0, 
                "quality_1": 0, 
                "quality_2": 0, 
                "quality_3": 0, 
                "server_1": 0, 
                "server_2": 1, 
                "server_3": 2
            }
        }, 
        "seriesblanco": {
            "quality": [
                "Micro-HD-1080p", 
                "default", 
                "720p", 
                "Micro-HD-720p", 
                "HDiTunes", 
                "1080p", 
                "SD"
            ], 
            "servers": [
                "kingvid", 
                "powvideo", 
                "streamplay", 
                "streamcloud", 
                "nowvideo", 
                "streamixcloud", 
                "flashx", 
                "openload", 
                "gamovideo", 
                "vidabc", 
                "streamango", 
                "clipwatching", 
                "filebebo", 
                "uploadedto", 
                "rapidgator", 
                "filefactory", 
                "turbobit", 
                "clicknupload", 
                "uptobox"
            ], 
            "settings": {
                "active": true, 
                "custom_quality": true, 
                "custom_servers": true, 
                "plan_b": true, 
                "priority": 1, 
                "quality_1": 0, 
                "quality_2": 3, 
                "quality_3": 1, 
                "server_1": 7, 
                "server_2": 1, 
                "server_3": 2
            }
        }, 
        "serieslan": {
            "quality": [
                "default"
            ], 
            "servers": [
                "openload"
            ], 
            "settings": {
                "active": false, 
                "custom_quality": false, 
                "custom_servers": false, 
                "priority": 0, 
                "quality_1": 0, 
                "quality_2": 0, 
                "quality_3": 0, 
                "server_1": 0, 
                "server_2": 0, 
                "server_3": 0
            }
        }, 
        "seriesmeme": {
            "quality": [
                "default"
            ], 
            "servers": [
                "sendvid", 
                "rapidvideo", 
                "netutv", 
                "openload"
            ], 
            "settings": {
                "active": false, 
                "custom_quality": false, 
                "custom_servers": false, 
                "priority": 0, 
                "quality_1": 0, 
                "quality_2": 0, 
                "quality_3": 0, 
                "server_1": 0, 
                "server_2": 1, 
                "server_3": 2
            }
        }
    }
}