{
    "settings": {
        "filter_languages": 2, 
        "include_in_global_search": true, 
        "include_in_newest_peliculas": true, 
        "include_in_newest_series": true, 
        "last_page": false, 
        "menu_info": true, 
        "modo_grafico": true, 
        "perfil": 2, 
        "pers_peliculas1": {
            "calidad": 0, 
            "genero": 12, 
            "idioma": 1, 
            "ordenar_por": 0, 
            "year": 0
        }, 
        "pers_peliculas2": {
            "calidad": 0, 
            "genero": 2, 
            "idioma": 1, 
            "ordenar_por": 0, 
            "year": 0
        }, 
        "pers_peliculas3": {
            "calidad": 0, 
            "genero": 0, 
            "idioma": 1, 
            "ordenar_por": 0, 
            "year": 2
        }, 
        "pers_series1": {
            "calidad": 0, 
            "genero": 2, 
            "idioma": 1, 
            "ordenar_por": 0, 
            "year": 0
        }, 
        "pers_series2": {
            "calidad": 0, 
            "genero": 2, 
            "idioma": 1, 
            "ordenar_por": 0, 
            "year": 0
        }, 
        "save_last_search": true
    }
}