{
    "settings": {
        "ask_channel": true, 
        "db_mode": 0, 
        "everyday_delay": 2, 
        "mark_as_watched": true, 
        "max_links": 2, 
        "no_pile_on_seasons": 0, 
        "original_title_folder": 1, 
        "quit_channel_name": false, 
        "replace_VD": false, 
        "scraper_movies": 0, 
        "scraper_tvshows": 1, 
        "search_new_content": 0, 
        "show_all_seasons": false, 
        "sync_trakt_new_tvshow": false, 
        "sync_trakt_new_tvshow_wait": true, 
        "sync_trakt_notification": true, 
        "sync_trakt_watched": false, 
        "tvdb_retry_eng": true, 
        "update": 2, 
        "update_wait": 0, 
        "updatelibrary_last_check": "2018-04-09", 
        "updatetvshows_interval": 0, 
        "watched_setting": 3, 
        "white_list_order": false, 
        "window_type": 0, 
        "xbmc_host": null, 
        "xbmc_puerto": null
    }
}